Article title,Authors,year,DOI link,Graph.abstract link,Model,PDB IDs,DNA sequence,Variations/ modifications/ interaction,Method,Solvent/Water model,Ion concentration,Force field,"Trajectory times, µs",Available trajectory files,Main findings,Tags
Free energy profiles for unwrapping the outer superhelical turn of nucleosomal DNA,"Kono H, Sakuraba S, Ishida H.",2018,https://doi.org/10.1371/journal.pcbi.1006024,https://journals.plos.org/ploscompbiol/article/figure/image?size=large&id=10.1371/journal.pcbi.1006024.g007,"Nucleosome core particle, truncated histone tails",1KX5,α-satellite,-,"ABMD, US",TIP3P,120 mM NaCl,AMBER ff99SB + bsc0 + ff99ions08,0.015*24 (1.5 in total),-,"DNA unwrapping free energy profiles, key histone-DNA contacts",#INTERNAL_PLASTICITY
Interactions of HP1 Bound to H3K9me3 Dinucleosome by Molecular Simulations and Biochemical Assays,"Watanabe S, Mishima Y, Shimizu M, Suetake I, Takada S. ",2018,https://doi.org/10.1016/j.bpj.2018.03.025,https://www.cell.com/cms/attachment/95325021-083e-4aed-813f-fed0ceb5213b/gr1.jpg,Dinuceosome with full histone tails; mononuceosome with full histone tails and linker DNA,"Reverse mappind from coarse-grained; 1KX5, 3FDT, 3I3C ",α-satellite,"Lysine trimethylation, HP1",Classic MD,TIP3P,100 mM NaCl,Amber99sb + parmbsc0,0.03,,Contacts between HP1 and methylated nucleosome; modes of HP1 interaction with dinucleosome,#COMPLEXES
Investigating the Influence of Arginine Dimethylation on Nucleosome Dynamics Using All-Atom Simulations and Kinetic Analysis,"Li Z, Kono H. ",2018,https://doi.org/10.1021/acs.jpcb.8b05067,https://pubs.acs.org/cms/10.1021/acs.jpcb.8b05067/asset/images/medium/jp-2018-05067j_0007.gif,"Nucleosomes with linker DNA, full histone tails","1KX5, 1ZBB",α-satellite,"arginine dimethylation of H3 histone (R42me2a, anti−anti R42me2s, anti−syn R42me2s, and R42A)","all-atom MD, REMD",TIP3P,150 mM NaCl,CHARMM27,20–100 ns,-,More open conformation of DNA in the nucleosome entry/exit region with asymmetric dimethylation compared to symmetric dimethylation,#MODIFICATIONS_VARIANT
Mechanical evolution of DNA double-strand breaks in the nucleosome,"Cleri F, Landuzzi F, Blossey R. ",2018,https://doi.org/10.1371/journal.pcbi.1006224,https://journals.plos.org/ploscompbiol/article/figure/image?size=large&id=10.1371/journal.pcbi.1006224.g001,Nucleosome core particle,1KX5,α-satellite,DNA double-strand breaks in different nucleosome positions,"Classic MD, US, SMD",TIP3P,140 mM NaCl,CHARMM-27,0.01-1.8,https://figshare.com/articles/dataset/M1_gro/5840706,"DSB ends remained stable within the nucleosome, but showed partial unwrapping dynamics",#MODIFICATIONS_VARIANT
Molecular Mechanism for the Role of the H2A and H2B Histone Tails in Nucleosome Repositioning,"Chakraborty K, Kang M, Loverde SM.",2018,https://doi.org/10.1021/acs.jpcb.8b07881,https://pubs.acs.org/cms/10.1021/acs.jpcb.8b07881/asset/images/medium/jp-2018-07881h_0009.gif,"Nucleosome core particle, full-tails",1KX5,α-satellite,-,"Classic MD, US",TIP3P,2 M NaCl,CHARMM36,"5 (classic), 0.26 (US)",-,DNA loop or bulge formation near the SHL-5 region; role of H2A C-tail and H2B N-tail,#INTERNAL_PLASTICITY
The conformation of the histone H3 tail inhibits association of the BPTF PHD finger with the nucleosome,"Morrison EA, Bowerman S, Sylvers KL, Wereszczynski J, Musselman CA. ",2018,https://doi.org/10.7554/eLife.31481,"https://iiif.elifesciences.org/lax/31481%2Felife-31481-fig9-v2.tif/full/617,/0/default.webp",Nucleosome core particle with H3 tail modifications,1KX5,α-satellite,"modification states of the H3 tail: an unmodified tail, H3K4me3, and H3K14,18,23,27ac, H3K14,18,23,27ac, a combination of H3K4me3 and H3K14,18,23,27Q , and a combination of H3K4me3 and H3R8,17,26A .",Classic MD,TIP3P,150 mM KCl,Amber14SB + bsc1,"150 ns for a run, 13.5 µs in total ",-,H3 Acetylation weakens histone-DNA interactions and increase accessibility to the PHD finger,#MODIFICATIONS_VARIANT
Free energy profile for unwrapping outer superhelical turn of CENP-A nucleosome,"Kono H, Sakuraba S, Ishida H. ",2019,https://doi.org/10.2142/biophysico.16.0_337,https://www.jstage.jst.go.jp/pub/biophysico/16/0/16_337/figure/16_337.jpg,"Nucleosomes with linker DNA, full histone tails","3AN2, 1KX5",α-satellite,CENP-A,ABMD combined with multiple walker method + US,TIP3P,120 mM NaCl,"AMBER ff99SB for proteins, ff99bsc0 for DNA, ff99ions08 for ions",15-20 ns,-,"The flexible conformation of the CENP-A nucleosome, which provides binding sites for the structural integrity of the centromere",#MODIFICATIONS_VARIANT
Histone Octamer Structure Is Altered Early in ISW2 ATP-Dependent Nucleosome Remodeling,"Hada A, Hota SK, Luo J, Lin Y chi, Kale S, Shaytan AK, et al. ",2019,https://doi.org/10.1016/j.celrep.2019.05.106,https://www.cell.com/cms/attachment/e8c81085-1241-4797-906b-d38cf78239f7/fx1.jpg,"Nucleosome core particle , truncated histone tails ",3LZ0,Widom 601,Disulfide bond imitation ,"Classic MD, ABMD ",TIP3P,150 mM NaCl,CHARM36,0.3-0.4,-,Diisulphide bridges between H3 and H4 histones affect nucleosome geometry,#INTERNAL_PLASTICITY
Histone Tail Dynamics in Partially Disassembled Nucleosomes During Chromatin Remodeling,"Kameda T, Awazu A, Togashi Y.",2019,https://doi.org/10.3389/fmolb.2019.00133,https://www.frontiersin.org/files/Articles/486330/fmolb-06-00133-HTML-r1/image_m/fmolb-06-00133-g007.jpg,Nucleosome core particle with full histone tails; hexasomes with full histone tails,1KX5,α-satellite,Lacking each one H2A-H2B or H3-H4 dimer,Classic MD,TIP3P,150 mM KCl,CHARMM36,"0.1*10 for each of
5 systems",https://zenodo.org/records/2548540,Dynamics and stability of nucleosome structures lacking a histone dimer,#SUB_SUPRA
Molecular Mechanism of Spontaneous Nucleosome Unraveling,"Winogradoff D, Aksimentiev A. ",2019,https://doi.org/10.1016/j.jmb.2018.11.013,https://ars.els-cdn.com/content/image/1-s2.0-S0022283618310799-ga1.jpg,"Nucleosome core particle, truncated histone tails",3LZ0,"Widom 601L, poly-AT, 5S RNA gene, poly-GC",-,Classic MD,TIP3P,"0.15 M NaCl, 1.0 M MgCl2, and 3.0 M NaCl.",AMBER ff99SB-ILDN-PHI + amber99-bsc0 + CUFIX,2,-,"Spontaneous DNA unwrapping, 1 bp shift as a result of DNA rewinding, influence of sequence and salt concentration",#INTERNAL_PLASTICITY
Unique Dynamics in Asymmetric macroH2A–H2A Hybrid Nucleosomes Result in Increased Complex Stability,"Bowerman S, Hickok RJ, Wereszczynski J. ",2019,https://doi.org/10.1021/acs.jpcb.8b10668,https://pubs.acs.org/cms/10.1021/acs.jpcb.8b10668/asset/images/medium/jp-2018-10668n_0007.gif,"Nucleosome core particles, full histone tails","2F8N, 1KX5",α-satellite,macroH2A,Classic MD,TIP3P,150 mM NaCl,AMBER 12SB fixed point-charge,3*0.25,,"Distinct dynamics, potential impact on higher order chromatin structures and transcriptional activity of energetically favourable hybrid nucleosome formation",#MODIFICATIONS_VARIANT
Elucidating the influence of linker histone variants on chromatosome dynamics and energetics,"Woods DC, Wereszczynski J. ",2020,https://doi.org/10.1093/nar/gkaa121,https://oup.silverchair-cdn.com/oup/backfile/Content_public/Journal/nar/48/7/10.1093_nar_gkaa121/1/m_gkaa121fig1.jpeg?Expires=1721324966&Signature=tEPnVdcKc85Gre45IWPPSDlsGiMZhEMyKwOtgxrkfKbDdyBCiD3uNAwsJKw-dglMDu3IStnL7ZrFLt4uZtgY8~SnM605khI~4WrYONyasQsUeRexrx4l8wZ9RqOVpeFQK6QOeCoZEP5gao2RiFi6fyU8QHY27H58gSx39NAWtTnJQd~-4YcN8GEtUegSw1jEykxROdtzHcb5la~rosp0LaI4U5qfpehQNqPvAhx1m301VPEBaqnX~oeDj42HsM-a6k8eK5~ZR~3HlGJqGTanCi81J~TCVYKDm~Y5upc4mecOJUnd5QmN7PBQqJKk8vPUZY5X1Op3sJuUOVgEXpWZPQ__&Key-Pair-Id=APKAIE5G5CRDK6RD3PGA,Nucleosome core particle with full histone tails (MD); isolated linker histones genGH1 and GH1.0 (MD and US); chromatosomes (MD),"1KX5,
4QLC",Widom 601,"genGH1, GH1.0 linker histones","Classic MD, US",TIP3P,150 mM NaCl,AMBER14SB + BSC1,"Classic MD
0,25*3 for each of 7 systems

US
0,02*41
for each of 2 systems",,"Thermodynamic basis for different linker histone binding motifs, their physical and chemical effects on chromatosomes",#SUB_SUPRA
Emergence of chromatin hierarchical loops from protein disorder and nucleosome asymmetry,"Sridhar A, Farr SE, Portella G, Schlick T, Orozco M, Collepardo-Guevara R.",2020,https://doi.org/10.1073/pnas.1910044117,https://www.pnas.org/cms/10.1073/pnas.1910044117/asset/652e697b-5f45-40f6-864e-b299fda74b77/assets/graphic/pnas.1910044117fig01.jpeg,Full-sized chromatosome; reduced (partial) chromatosome; isolated H1 N-terminal domain; isolated H1 C-terminal domain,"5NL0, 
1ZBB, 1KX5",Widom 601,H1.0,"Classic MD, BEMetaD, REST2, T-REMD",TIP3P; TIP4P-2005; Modified TIP3P,150 mM NaCl,Amber99sb-ILDN + parmbsc0; Amber03ws + parmbsc0; Charmm36M + Charmm36 DNA,0.2 -1,-,Disorder of nucleosome-bound H1 and its effect on chromatin organisation,#SUB_SUPRA
Impact of the Nucleosome Histone Core on the Structure and Dynamics of DNA-Containing Pyrimidine–Pyrimidone (6–4) Photoproduct,"Matoušková E, Bignon E, Claerbout VEP, Dršata T, Gillet N, Monari A, et al. ",2020,https://doi.org/10.1021/acs.jctc.0c00593,https://pubs.acs.org/cms/10.1021/acs.jctc.0c00593/asset/images/medium/ct0c00593_0006.gif,"Nucleosome core particle, truncated histone tails","4YM5, 4YM6 ",144-mer DNA,UV-induced (6-4) pyrimidine-pyrimidone photoproduct,Classic MD,TIP3P,Net-neutralizing K+ ions,Amber ff99SB  + OL15,"3-4 (nucleosome), 4-20 (free DNA)",-,"The pyrimidine-pyrimidone (6-4) photoproduct lesion in nucleosomal DNA affects local DNA dynamics, which may be key to recognition by repair factors. ",#MODIFICATIONS_VARIANT
Minimal Cylinder Analysis Reveals the Mechanical Properties of Oncogenic Nucleosomes,"Pitman M, Dalal Y, Papoian GA. ",2020,https://doi.org/10.1016/j.bpj.2020.01.042,https://ars.els-cdn.com/content/image/1-s2.0-S0006349520301181-gr1.jpg,"Nucleosome core particles, truncated histone tails","3WTP, 3AN2, 3WTP",α-satellite,"CENP-A, CENP-C",Classic MD + MCA (‘‘minimal’’ cylinders),TIP3P,150 mM NaCl,"amber99SB*-ILDN for proteins, amber99SB parmbsc0 for DNA, ions08 for ions",1,-,"A new theoretical approach, called minimal cylinder analysis; the intermediate elasticity of the heterotypic nucleosome compared to CENP-A and H3; nucleosome dynamics that are conserved and distributed across the nucleosome pseudodyad",#MODIFICATIONS_VARIANT
Nucleosomal DNA Dynamics Mediate Oct4 Pioneer Factor Binding,"Huertas J, MacCarthy CM, Schöler HR, Cojocaru V. ",2020,https://doi.org/10.1016/j.bpj.2019.12.038,https://www.cell.com/cms/attachment/e186e06b-8344-45c3-8786-268d94ded695/gr1.jpg,Nucleosome with linker DNA and full histone tails,"2PYO, 3LZ0, 1KX5","Widom 601, Esrrb, Lin28b",Oct4,Classic MD,TIP3P,150 mM KCl,Amber ff14SB + parmbsc1,"1 (free nucleosomes), 0.1 (complexes)",-,"First nucleosome-Oct4 complex model, correlation between region mobility and binding site position",#COMPLEXES
Nucleosomal embedding reshapes the dynamics of abasic sites,"Bignon E, Claerbout VEP, Jiang T, Morell C, Gillet N, Dumont E.",2020,https://doi.org/10.1038/s41598-020-73997-y,https://media.springernature.com/full/springer-static/image/art%3A10.1038%2Fs41598-020-73997-y/MediaObjects/41598_2020_73997_Fig1_HTML.png?as=webp,"Nucleosome core particles with AP-sites at SHL 4.5, full-length histone tails  ",5JRG,145 base-pair DNA,Apurinic/apyrimidinic (AP) sites (deoxyribose- and tetrahydrofuran-type abasic sites),Classic MD,TIP3P,Crystallographic Cl- and neutralizing K+,Amber14SB + OL15,1,-,"Isolated AP sites altered nucleosomal DNA geometry; histones (mainly tails) formed contacts with the DNA lesion, which can lead to DNA-protein cross-linking.",#MODIFICATIONS_VARIANT
Orientation Dependence of Inter-NCP Interaction: Insights into the Behavior of Liquid Crystal Phase and Chromatin Fiber Organization,"Saurabh S, Jang YH, Lansac Y, Maiti PK.",2020,https://doi.org/10.1021/acs.jpcb.9b07898,https://pubs.acs.org/cms/10.1021/acs.jpcb.9b07898/asset/images/large/jp9b07898_0008.jpeg,Parallel and antiparallel stacked nucleosome core particles,1KX5,α-satellite,-,"Classic MD, Steered MD",TIP3P,150 mM NaCl,AMBER ff10 with the ff99SB parameters + parmbsc0,"Classic MD
0,25 for each system",-,Role of histone tails in NCP stacking and the difference in unstacking pathways from parallel and antiparallel orientations,#SUB_SUPRA
Structural Studies of Overlapping Dinucleosomes in Solution,"Matsumoto A, Sugiyama M, Li Z, Martel A, Porcar L, Inoue R, et al. ",2020,https://doi.org/10.1016/j.bpj.2019.12.010,https://ars.els-cdn.com/content/image/1-s2.0-S0006349519343954-gr8_lrg.jpg,Overlapping dinucleosome composed of hexasome and octasome,5GSE,modified Widom 601,-,Classic MD,TIP3P,150 mM NaCl,Amber14sb + bsc1,"0,01*97",-,"Investigation of atomic models of the overlapping dinucleosome in solution using SAXS, SANS, computer modelling and MD simulations",#SUB_SUPRA
A Dynamic View of the Interaction of Histone Tails with Clustered Abasic Sites in a Nucleosome Core Particle,"Bignon E, Gillet N, Jiang T, Morell C, Dumont E. ",2021,https://doi.org/10.1021/acs.jpclett.1c01058?rel=cite-as&ref=PDF&jav=VoR,https://pubs.acs.org/cms/10.1021/acs.jpclett.1c01058/asset/images/medium/jz1c01058_0004.gif,"Nucleosome core particles with AP-sites at SHL 1.5, sligtly truncated histone tails  ",1AOI,α-satellite,"Isolated, clustered, and tandem AP sites",Classic MD ,TIP3P,?,Amber14SB + bsc1,1-2,-,"Clustered AP sites influence nucleosomal DNA geometry, but much less than B-DNA; histone-lesion contacts are described",#MODIFICATIONS_VARIANT
Binding of regulatory proteins to nucleosomes is modulated by dynamic histone tails,"Peng Y, Li S, Onufriev A, Landsman D, Panchenko AR. ",2021,https://doi.org/10.1038/s41467-021-25568-6,https://media.springernature.com/full/springer-static/image/art%3A10.1038%2Fs41467-021-25568-6/MediaObjects/41467_2021_25568_Fig1_HTML.png,Nucleosome with linker DNA,1KX5,KRAS,"lysine acetylation, lysine trimethylation, serine/threonine phosphorylation, and Arg → Ala substitutions",Classic MD,"OPC, TIP3P",150 mM NaCl,"AMBER ff14SB + OL15, CHARMM36m",0.8–5 (65 in total),https://doi.org/10.5281/zenodo.4771269,"Kinetics of tail binding to DNA, effects of PTMs",#INTERNAL_PLASTICITY #MODIFICATIONS_VARIANT #CHALLENGES
CENP-A Nucleosome is a Sensitive Allosteric Scaffold for DNA and Chromatin Factors,"Doğan D, Arslan M, Uluçay T, Kalyoncu S, Dimitrov S, Kale S. ",2021,https://doi.org/10.1016/j.jmb.2020.166789,https://ars.els-cdn.com/content/image/1-s2.0-S0022283620307142-ga1_lrg.jpg,Nucleosome core particles with and without antibody-bound,"3LZ0, 6TEM, 6E0C",Widom 601,CENP-A,Classic MD + metadynamics,OPC,150 mM NaCl,CHARMM36m,2 for each model,-,The sensitivity of CENP-A nucleosomes as allosteric scaffolds for DNA and chromatin factors,#MODIFICATIONS_VARIANT
Distinct Structures and Dynamics of Chromatosomes with Different Human Linker Histone Isoforms.,"Zhou BR, Feng H, Kale S, Fox T, Khant H, De Val N, et al.",2021,https://doi.org/10.1016/j.molcel.2020.10.038,https://ars.els-cdn.com/content/image/1-s2.0-S1097276520307723-fx1_lrg.jpg,Nucleosome with linker DNA and without histone tails; chromatosomes,"5Y0C, 4QLC, 5NL0, 2LSO",Widom 601,"Tailless H1.0, H1.4 and H1.10 linker histones; H1.4 R53A mutant",Classic MD,OPC,NaCl 0.15M,AMBER14sb,"0.5 for each of 4 systems

0.22 for H1.4 R53A mutant system",-,Distinct structural and dynamic features of the chromatosomes,#SUB_SUPRA
Effects of H2A.B incorporation on nucleosome structures and dynamics,"Kohestani H, Wereszczynski J. ",2021,https://doi.org/10.1016/j.bpj.2021.01.036,https://ars.els-cdn.com/content/image/1-s2.0-S0006349521001429-gr1_lrg.jpg,"Nucleosome core particles, full histone tails",1KX5,α-satellite,H2A.B,Classic MD + ABMD,TIP3P,150 mM NaCl,Amber ff14SB for protein + OL15 for DNA,"0.55 for classic MD (8.8 in total), 1.6 for ABMD (4.8 in total)",-,"Weaker protein-protein and protein-DNA interactions for the H2A.B nucleosome, resulting in more DNA opening at the entry and exit sites.",#MODIFICATIONS_VARIANT
Histone dynamics mediate DNA unwrapping and sliding in nucleosomes,"Armeev GA, Kniazeva AS, Komarova GA, Kirpichnikov MP, Shaytan AK.",2021,https://doi.org/10.1038/s41467-021-22636-9,https://media.springernature.com/lw685/springer-static/image/art%3A10.1038%2Fs41467-021-22636-9/MediaObjects/41467_2021_22636_Fig1_HTML.png,"Nucleosome core particle (full tails, truncated tails)","1KX5, 3LZ0, 1AOI","601, α-satellite",,Classic MD,TIP3P,150 mM NaCl,AMBER ffr14SB + parmbsc + Cufix,8-15 (56 in total),https://intbio.github.io/Armeev_et_al_2021,"DNA breathing and unwrapping, H3-latch, DNA sliding, H2A a2-helix bending",#INTERNAL_PLASTICITY
Histone H4 Tails in Nucleosomes: a Fuzzy Interaction with DNA,"Rabdano SO, Shannon MD, Izmailov SA, Gonzalez Salguero N, Zandian M, Purusottam RN, et al. ",2021,https://doi.org/10.1002/anie.202012046,https://onlinelibrary.wiley.com/cms/asset/c1fe44fc-40b7-4a59-859c-46d438dd91a5/anie202012046-toc-0001-m.jpg,"Nucleosome core particle, full histone tails",3LZ0,Widom 601,,Classic MD,"TIP3P, TIP4P-D, SPC/Eb, TIP4P/Ew",100 mM NaCl,"Amber ff14SB (+CUFIX),
 CHARMM c36m, Amber ff15ipq",0.5-1,-,TIP4P-D water model gives reasonable agreement with R1-R2 NMR parameters,#INTERNAL_PLASTICITY #CHALLENGES
Histone tails cooperate to control the breathing of genomic nucleosomes,"Huertas J, Schöler HR, Cojocaru V. ",2021,https://doi.org/10.1371/journal.pcbi.1009013,https://journals.plos.org/ploscompbiol/article/figure/image?size=large&id=10.1371/journal.pcbi.1009013.g001,"168-bp nucleosome (full tails, truncated tails)","2PYO, 3LZ0, 1KX5","Widom 601, Lin28b, Esrrb",-,Classic MD,SPCE,150 mM Na/KCl,AMBER ff14SB + parmbsc1 + and Li-Merz,1 (24 in total),https://datashare.mpcdf.mpg.de/s/kjegwpBEFUEidwR,"Spontaneous DNA breathing, interplay with histone tail dynamics (H2A C-tail and H3 N-tail)",#INTERNAL_PLASTICITY
Mechanisms of Nucleosome Reorganization by PARP1,"Maluchenko NV, Nilov DK, Pushkarev SV, Kotova EY, Gerasimova NS, Kirpichnikov MP, et al. ",2021,https://doi.org/10.3390/ijms222212127,https://pub.mdpi-res.com/ijms/ijms-22-12127/article_deploy/html/images/ijms-22-12127-ag.png?1636689931,"Nucleosome with one-sided linker DNA, truncated histone tails",3LZ0,Widom 601,PARP1,Classic MD,TIP3P,?,Amber ff14SB + bsc1,0.025,-,PARP1-induced nucleosomal DNA distortion ,#COMPLEXES
Molecular dynamics simulations reveal how H3K56 acetylation impacts nucleosome structure to promote DNA exposure for lesion sensing,"Fu I., Geacintov N.E., Suse Broyde S.",2021,https://doi.org/10.1016/j.dnarep.2021.103201,https://ars.els-cdn.com/content/image/1-s2.0-S1568786421001579-ga1_lrg.jpg,Nucleosome core particle with a cis-B[a]P-dG adduct[a iat SHL 6.25 (DNA minor groove) or/and acetylated H3 K56,1KX5,α-satellite,"benzo[a]pyrene-derived DNA lesion, c acethylation",Classic MD,TIP3P,150 mM KCl,Amber14sb + bsc1,5-6,-,"H3K56ac affects H3 αN helix and local DNA dynamics, increasing DNA lesion site exposure ",#MODIFICATIONS_VARIANT
Nucleosome composition regulates the histone H3 tail conformational ensemble and accessibility,"Morrison EA, Baweja L, Poirier MG, Wereszczynski J, Musselman CA.",2021,https://doi.org/10.1093/nar/gkab246,https://oup.silverchair-cdn.com/oup/backfile/Content_public/Journal/nar/49/8/10.1093_nar_gkab246/1/m_gkab246fig7.jpeg?Expires=1721170159&Signature=nJU~q5LxFPfD8oJed6Gn-k4zN-Lz1RUbkQa3oyVKNe8PjwttyIwBrAUXBvaC9aDTZYbYjPaSy0e1Ot88wJn0vwIQnMy3ZyBdbFq~EvteryuW3FFhhbNI9zrbpNoKZTKY9p7onKXbojlYlE2y0ItmVHv4zxKWET1DsAMe73vvZurelKDrMHsw7NNeoOLQdbMQO9zmz3pbmAiYuTiIZoqJfLFem2wfPpdUXZ6qe7VdWaWezzJvmnPdN5Wlfk5ZRMNcKz-aphOswwoEDRkITt9WjDzuQGI-FbeixTnBeXCUU43CnsTFWkobyJrkrXo7U2nwwxJ0BovlCYvBWY9gw1BQFA__&Key-Pair-Id=APKAIE5G5CRDK6RD3PGA,"Nucleosome core particle, hexosome,stetrasome","3MVD, 1KX5",Widom 601,-,"MD with hydrogen mass repartitioning (HMR), in water and explicit/implicit solvent",TIP3P,150 mM KCl,Amber ff14SB + BSC1,0.25*30 (7.5 in total),-,"H3 N-tail conformation ensemble in nucleosome, hexasome, and tetrasome",#INTERNAL_PLASTICITY #SUB_SUPRA
The Dynamic Influence of Linker Histone Saturation within the Poly-Nucleosome Array,"Woods DC, Rodríguez-Ropero F, Wereszczynski J. ",2021,https://doi.org/10.1016/j.jmb.2021.166902,https://ars.els-cdn.com/content/image/1-s2.0-S0022283621000966-ga1_lrg.jpg,Octanucleosome array with and without GH1,1KX5,Widom 601,H1 globular domain,Classic MD,TIP3P,150 mM NaCl,Amber14sb + bsc1,"0,5*3 for each system",-,The effects of linker histone binding on an octanucleosome model of the chromatin fiber,#SUB_SUPRA
The N-terminal Tails of Histones H2A and H2B Adopt Two Distinct Conformations in the Nucleosome with Contact and Reduced Contact to DNA,"Ohtomo H, Kurita J ichi, Sakuraba S, Li Z, Arimura Y, Wakamori M, et al.",2021,https://doi.org/10.1016/j.jmb.2021.167110,https://ars.els-cdn.com/content/image/1-s2.0-S002228362100334X-ga1_lrg.jpg,"Nucloesome core particle, full histone tails; H2A N-tail with surrounding residues","3AFA, 3LZ0",Widom 601,,Replica Exchange with Solute Tempering 2 (REST2),TIP3P,150 mM NaCl,"CHARMM36m,
Amber ff14SB+bsc1","0.03*100, 0.5*4 (NCP), 0.05-0.2*144 (H2A N-tail with surroundings)",-,Distinct conformational states of H2A and H2B N-tails,#INTERNAL_PLASTICITY
Torsional stress can regulate the unwrapping of two outer half superhelical turns of nucleosomal DNA,"Ishida H, Kono H. ",2021,https://doi.org/10.1073/pnas.2020452118,https://www.pnas.org/cms/10.1073/pnas.2020452118/asset/eae7f9b0-677d-4b25-9fa4-316772ac7bbe/assets/images/large/pnas.2020452118fig01.jpg,"Nucleosome core particle, truncated histone tails",1KX5,α-satellite,-,"ABMD, US",TIP3P,150 mM NaCl,AMBER ff14SB + bsc1 + ff99ions08,? (27 in total),https://doi.org/10.244335/materialscloud:r9-xt,Asymmetric DNA unwrapping under positive and negative stress,#INTERNAL_PLASTICITY
"DNA methylation cues in nucleosome geometry, stability and unwrapping ","Li S, Peng Y, Landsman D, Panchenko AR.",2022,https://doi.org/10.1093/nar/gkac097,https://oup.silverchair-cdn.com/oup/backfile/Content_public/Journal/nar/50/4/10.1093_nar_gkac097/1/gkac097fig1.jpeg?Expires=1721904826&Signature=hnpvHMwkWxGjX9J89gZiqF2Jv82mbZP1CNHWJTUOq-qGX0kPFaI1V9VgHJL6Ntivb~gC5dAXGv6246vccVedquhKkueGjtaiM5o5e0xKXLQr8KqR1qWP6O4w2pUbZkkwXblcFDSYQWZgg51z2Ek2UDigJ4cuET1L2vLbZlk2FaVRFDAv67EfcDCYujleeI7bAYMLmzSChirduY~4XA7sgIBLXjKVzIt7mUuE-IgGMPdlmVWk4sDE2znS-kPxheyiG2gMTmaPWUMYvyHQQ9SLcuMFzMjQ2VHDTpTeOBbh1GqbRpZystFmtFTqJwmEX4n0vB6YILZI7zV16h-Zh~716g__&Key-Pair-Id=APKAIE5G5CRDK6RD3PGA,"Nucleosomes with linker DNA, full histone tails",1KX5,KRAS gene or TP53 gene,DNA methylation,Classic MD,OPC,150 mM NaCl,Amber14SB + OL15,"2.5-5 for run, 70 in total",https://doi.org/10.6084/m9.figshare.19087016,Changes in DNA geometry that enhance interactions between methylated DNA and the histone octamer,#MODIFICATIONS_VARIANT
Free Energy Landscape of H2A-H2B Displacement From Nucleosome,"Ishida H, Kono H. ",2022,https://doi.org/10.1016/j.jmb.2022.167707,https://ars.els-cdn.com/content/image/1-s2.0-S0022283622002996-ga1_lrg.jpg,Nucleosome core particle with truncated histone tails and residues Val107-Lys128 of H2A,1KX5,α-satellite,H2A-H2B dimer displacement from the nucleosome,"Classic MD, ABMD, US",TIP3P,0.15 M NaCl,AMBER ff14SB + bsc1 + ff99ions08,"ABMD
0,014*80
0,021*96
(total 3.1)
US
0,024*96
0,006*32
0,07*128
(total 11.5)",-,Intra-nucleosomal interactions and free energies for the H2A-H2B displacement,#SUB_SUPRA
H2A-H2B Histone Dimer Plasticity and Its Functional Implications,"Kniazeva AS, Armeev GA, Shaytan AK. ",2022,https://doi.org/10.3390/cells11182837,https://pub.mdpi-res.com/cells/cells-11-02837/article_deploy/html/images/cells-11-02837-ag-550.jpg?1663235288,"Nucleosome core particle, truncated histone tails; H2A-H2B dimer (intact or bound to DNA fragment)","1KX5, 3LZ0, 1F66","Widom 601, α-satellite",H2A.Z,Classic MD,TIP3P,150 mM NaCl,AMBER ffr14SB + parmbsc + Cufix,1.2-5,https://intbio.github.io/Kniazeva_et_al_2022,"H2A-H2B dimer bending upon DNA unwrapping, sliding and H2A/H2A.Z sequence variation",#INTERNAL_PLASTICITY #MODIFICATIONS_VARIANT
H2B Lys34 Ubiquitination Induces Nucleosome Distortion to Stimulate Dot1L Activity,"Ai H, Sun M, Liu A, Sun Z, Liu T, Cao L, et al.",2022,https://doi.org/10.1038/s41589-022-01067-7,https://media.springernature.com/lw685/springer-static/image/art%3A10.1038%2Fs41589-022-01067-7/MediaObjects/41589_2022_1067_Figa_HTML.png?as=webp,"Nucleosome core particle, truncated histone tails","7XCR, 7XCT",Widom 601,"Ubiquitination, DotL",Classic MD,TIP3P,150 mM NaCl,ff14SB + OL15,0.41–1,-,DotL activation due to distorted nucleosome structure,#COMPLEXES
OCT4 interprets and enhances nucleosome flexibility,"MacCarthy CM, Huertas J, Ortmeier C, vom Bruch H, Tan DS, Reinke D, et al. ",2022,https://doi.org/10.1093/nar/gkac755,https://oup.silverchair-cdn.com/oup/backfile/Content_public/Journal/nar/50/18/10.1093_nar_gkac755/1/m_gkac755fig7.jpeg?Expires=1721235306&Signature=TebdOez1TOxuzKB1byAmegPqPYrZYT7iogExfo~AoUDEtjXIlsIEhJPeUmhfH3-AZNkWZOegR5gT8AxpJIiCSkpRq~7eO8FOKDN3x9HAtPhAW8UcrzgcoQAtLtA5RX7KcIYWOlIkaz-x1cX6Nu33K-gltqhlTsrsdTw1bVH4KOnE8fUFO8qzBraA27QXfg9hhUibg6gkplMYIlFQ~7pqobg3v77TMerxESH578u1QE3rG0lQwlx4cppDsTaszK7zaLsgfg9clm-9jGv5Ljuxt~I6HvLBrw0eWVLfUrXRQREZnWSYG7OJcFaP6EdHMc89pHhWHGIswtCiuP5cwO8Vag__&Key-Pair-Id=APKAIE5G5CRDK6RD3PGA,"Nucleosome with linker DNA, full or truncated histone tails","3LZ0, 2PYO, 1KX5","Lin28b, Esrrb",Oct4,Classic MD + biased MD,SPC/E,150 mM Na/KCl,Amber ff14SB + parmbsc1,1–2,https://datashare.mpcdf.mpg.de/s/OeXa432AsqwbGMC,Oct4 induces breathing and may latch nucleosome in open conformation,#COMPLEXES
Coupling of conformation and CPD damage in nucleosomal DNA,"Nayis A, Liebl K, Zacharias M. ",2023,https://doi.org/10.1016/j.bpc.2023.107050,https://ars.els-cdn.com/content/image/1-s2.0-S0301462223001011-ga1_lrg.jpg,"Nucleosome core particle, isolated DNA",2CV5,146-MER,-,QM + Classic MD,TIP3P,200 mM NaCl,ff14SB + Tumuc1,"0.5 (isolated DNA), 0.02 (nucleosome)",-,Local geometry of nucleosomal DNA influences the potential for CPD damage formation,#MODIFICATIONS_VARIANT
Histone variant H2A.Z modulates nucleosome dynamics to promote DNA accessibility,"Li S, Wei T, Panchenko AR. ",2023,https://doi.org/10.1038/s41467-023-36465-5,https://media.springernature.com/lw685/springer-static/image/art%3A10.1038%2Fs41467-023-36465-5/MediaObjects/41467_2023_36465_Fig1_HTML.png?as=webp,"Nucleosome core particles, full histone tails, 20 bp linkers","3AFA, 1F66, 5B33, 5B32",TP53 gene,"H2A.Z, H3.3, H2A with H2A.Z C-terminal tail, H2A.Z with H2A C-terminal tail",Classic MD,OPC,150 mM NaCl,OL15 for DNA + amber ff14SB for proteins,up to 7 for each model,https://doi.org/10.6084/m9.figshare.21782570,"Spontaneous DNA unwrapping of about forty base pairs from both ends, nucleosome gapping and increased histone plasticity",#MODIFICATIONS_VARIANT
"Interactions of Nucleosomes with Acidic Patch-Binding Peptides: A Combined Structural Bioinformatics, Molecular Modeling, Fluorescence Polarization, and Single-Molecule FRET Study","Oleinikov PD, Fedulova AS, Armeev GA, Motorin NA, Singh-Palchevskaia L, Sivkina AL, et al. ",2023,https://doi.org/10.3390/ijms242015194,https://pub.mdpi-res.com/ijms/ijms-24-15194/article_deploy/html/images/ijms-24-15194-ag-550.jpg?1697770143,"Nucleosome core particle, truncated histone tails","3LZ0, 1ZLA, 4X23",Widom 601,"CENP-Cmotif, 
 LANA1-22",Classic MD,TIP3P,150 mM NaCl,AMBER ffr14SB + parmbsc + Cufix,0.4-1.3,https://intbio.org/Oleinikov_et_al_2023/,Histone core reorganisation upon peptide binding,#INTERNAL_PLASTICITY
Molecular Mechanism of Nucleosome Recognition by the Pioneer Transcription Factor Sox,"Ozden B, Boopathi R, Barlas AB, Lone IN, Bednar J, Petosa C, et al. ",2023,https://doi.org/10.1021/acs.jcim.2c01520,https://pubs.acs.org/cms/10.1021/acs.jcim.2c01520/asset/images/medium/ci2c01520_0006.gif,"Nucleosome core particle, truncated histone tails","3LZ0, 6T79",Widom 601,Sox11,Dynamic integrative modeling,TIP3P,150 mM NaCl,Amber ff14SB + parmbsc1,0.5–1,https://github.com/CSB-KaracaLab/Sox-PTF,Sox11-nucleosome complexes at different positions,#COMPLEXES
"Nucleosome Array Deformation in Chromatin is Sustained by Bending, Twisting and Kinking of Linker DNA","Cleri F, Giordano S, Blossey R. ",2023,https://doi.org/10.1016/j.jmb.2023.168263,https://ars.els-cdn.com/content/image/1-s2.0-S0022283623003741-ga1_lrg.jpg,Two trinucleosome systems with 22 and 36 bp linkers,"5NL0, 6L4A,1KX5","palindromic-601, Widom 601",Trinucleosomes,"Steered MD, Classic MD",TIP3P,100 mM NaCl,Amber14 + parmbsc1,"Steered MD
0,01-0,1
Classic MD
0,15-0,2",https://doi.org/10.6084/m9.figshare.23634396.v1,"The structural effects of mechanical compression on the trinucleosome
on the trinucleosome.",#SUB_SUPRA
Nucleosome dyad determines the H1 C-terminus collapse on distinct DNA arms,"Louro JA, Boopathi R, Beinsteiner B, Mohideen Patel AK, Cheng TC, Angelov D, et al.",2023,https://doi.org/10.1016/j.str.2022.12.005,https://ars.els-cdn.com/content/image/1-s2.0-S0969212622004919-fx1_lrg.jpg,"Chromatosomes with linkers, truncated core histone tails, and H1 globular domain only; chromosomes with linkers, truncated core histone tails, and H1 globular and partial C-terminal domains",5NL0,"palindromic 601L, Widom 601",H1.0b with partial C-terminal domain; globular domain only H1,Classic MD,OPC,160 mM NaCl,Charmm36m,"0.25*2
0.1*2",-,Coupling between H1 C-terminal tail collapse on linker DNA and globular domain orientation. Proposal of the ''Swiss army knife model'' for the H1 globular domain,#SUB_SUPRA
Structural and Dynamic Changes of Nucleosome upon GATA3 Binding,"Ishida H, Matsumoto A, Tanaka H, Okuda A, Morishima K, Wade PA, et al. ",2023,https://doi.org/10.1016/j.jmb.2023.168308,https://ars.els-cdn.com/content/image/1-s2.0-S0022283623004199-ga1_lrg.jpg,"Nucleosome core particle, full histone tails",Own cryoEM data,Widom 601,GATA3,"Classic MD, ABMD",TIP3P,150 mM NaCl.,AMBER ff14SB + bsc1 + ff99ions08 + ZAFF,0.6–1,-,"First GATA3-nucleosome complex model, effects of GATA3 on breathing",#COMPLEXES
CENP-N promotes the compaction of centromeric chromatin,"Zhou, K., Gebala, M., Woods, D. et al. ",2022,https://doi.org/10.1038/s41594-022-00758-y,https://media.springernature.com/lw685/springer-static/image/art%3A10.1038%2Fs41594-022-00758-y/MediaObjects/41594_2022_758_Fig1_HTML.png?as=webp,"Nucleosome core particle, full-length histone tails, in complex with CENP-N protein"," 6EQT, and custom cryo-EM data",Widom 601,": 2 CENP-N, 1 CENP-N, or no CENP-N",Classic MD ,TIP3P,150 mM NaCl.,AMBER14SB + BSC1,"0.6 for system, 4.5 in total",-,CENP-N protein interacts with two nucleosomes and stabilises their stacking. ,#MODIFICATIONS_VARIANT
The effects of RNA.DNA-DNA triple helices on nucleosome structures and dynamics,"Kohestani H, Wereszczynski J.",2023,https://doi.org/10.1016/j.bpj.2023.02.013,https://www.biorxiv.org/content/biorxiv/early/2022/07/03/2022.07.02.498574/F1.medium.gif,Intact DNA and nucleosome with full-length histone tails (or truncated H3 tail),"1KX5, 6VYP",601 Widom for histone core: linker DNA with or without truplex targeting site,DNA-DNA-RNA triple helix in linker DNA region (24 nucleotide RNA),Classic MD ,OPC,150 mM NaCl.,"Amber ff14SB, OL15, OL3, and OPC  (for protein, DNA, RNA, and water, respectively),  Joung and Cheatham model for ions ",~1 for system ,-,RNA interacts stably with nucleosome linker DNA in the presence of triplex target site and/or H3 tail ,#MODIFICATIONS_VARIANT
Molecular mechanism of histone variant H2A.B on stability and assembly of nucleosome and chromatin structures,"Peng, J., Yuan, C., Hua, X. et al. ",2020,https://doi.org/10.1186/s13072-020-00351-x,https://media.springernature.com/lw685/springer-static/image/art%3A10.1186%2Fs13072-020-00351-x/MediaObjects/13072_2020_351_Fig1_HTML.png?as=webp,"Nucleosome core particles with histone tails, H2A.B variant histone ","3AFA, 1KX5 - templates for MODELLER ",?,"H2A-NCP, H2A.B-NCP, Mutants: H2A–CtH2A.B NCP, the H2A–DDH2A.B NCP, the H2A–L2H2A.B NCP, and the NtH2A–H2A.B NCP",Classic MD ,TIP4P/2005,150 mM KCl.,Amber03ws,1 for each system,-,"DNA unwinding is enhanced by H2A.B incorporation; role of L2 loop, C-terminal tail ",#MODIFICATIONS_VARIANT